<?xml version="1.0" encoding="UTF-8"?>
<beans xmlns="http://www.springframework.org/schema/beans" xmlns:context="http://www.springframework.org/schema/context"
  xmlns:xsi="http://www.w3.org/2001/XMLSchema-instance" xmlns:ws="http://jax-ws.dev.java.net/spring/core" xmlns:wss="http://jax-ws.dev.java.net/spring/servlet"
  xsi:schemaLocation="http://www.springframework.org/schema/beans http://www.springframework.org/schema/beans/spring-beans-2.5.xsd
                           http://www.springframework.org/schema/context http://www.springframework.org/schema/context/spring-context-2.5.xsd
                           http://www.springframework.org/schema/util http://www.springframework.org/schema/util/spring-util-2.5.xsd
                           http://jax-ws.dev.java.net/spring/core http://jax-ws.dev.java.net/spring/core.xsd
                           http://jax-ws.dev.java.net/spring/servlet http://jax-ws.dev.java.net/spring/servlet.xsd">

  <context:annotation-config />

  <bean id="ktr" class="org.pentaho.platform.plugin.kettle.PdiContentGenerator" scope="prototype"/>
  <bean id="ktr.viewer" class="org.pentaho.platform.plugin.kettle.PdiContentGenerator" scope="prototype"/>
  <bean id="ktr.backgroundExecution" class="org.pentaho.platform.plugin.kettle.PdiAction" scope="prototype"/>

  <bean id="kjb" class="org.pentaho.platform.plugin.kettle.PdiContentGenerator" scope="prototype"/>
  <bean id="kjb.viewer" class="org.pentaho.platform.plugin.kettle.PdiContentGenerator" scope="prototype"/>
  <bean id="kjb.backgroundExecution" class="org.pentaho.platform.plugin.kettle.PdiAction" scope="prototype"/>

  
  <bean id="PdiAction" class="org.pentaho.platform.plugin.kettle.PdiAction" scope="prototype"/>
  
</beans>